Question,LinkToAnswer
"My Mac does not boot, what can I do ?",http://faq/mac-does-not-boot
Can Mac Air get infected by a Virus,http://faq/mac-book-virus
"My Mac is having boot problems, how do I fix it?",http://faq/mac-does-not-boot
Do I need an anti virus on my Mac?,http://faq/mac-book-virus
I have trouble connecting my monitor to my Mac. Can you please help?,http://faq/mac-monitor-setup
"When my Mac boots, it shows an unsupporterd software error",http://faq/mac-does-not-boot
My Monitor does not show in proper resolution when connected to my Mac. How do I fix it?,http://faq/mac-monitor-help
I see a flicker in my monitor. Is that a virus?,http://faq/mac-book-virus
Can I use a HDMI monitor with my Mac?,http://faq/mac-monitor-setup
Can I connect two monitors to my Mac?,http://faq/mac-monitorp-setup
